text,label,notes
FIRST WEEK UPDATE sales numbers and chart positions suggest the rollout was strong,Analysis,
Kendrick Lamar award news is backed by the album's reception and streaming numbers,Analysis,
The article compares two albums and points to production choices for context,Analysis,
The post uses interview quotes and rollout timing to support the claim,Analysis,
The writer explains the lyrical themes with specific examples from the project,Analysis,
J Cole links award wins to the album's cultural impact,Analysis,
Future notes feature choices and collaboration patterns,Analysis,
Megan uses fan reception and reviews as evidence,Analysis,
SZA compares era peaks with concrete examples,Analysis,
Tyler shows why the claim goes beyond a simple opinion,Analysis,
Kendrick uses sales numbers and chart history to support the claim,Analysis,
Drake compares production choices across two albums,Analysis,
Uzi references interviews and rollout timing for context,Analysis,
Travis explains lyrical themes with specific examples,Analysis,
Metro points to streaming data and critic response,Analysis,
J Cole links award wins to the album's cultural impact,Analysis,
Future notes feature choices and collaboration patterns,Analysis,
Megan uses fan reception and reviews as evidence,Analysis,
SZA compares era peaks with concrete examples,Analysis,
Tyler shows why the claim goes beyond a simple opinion,Analysis,
Kendrick uses sales numbers and chart history to support the claim,Analysis,
Drake compares production choices across two albums,Analysis,
Uzi references interviews and rollout timing for context,Analysis,
Travis explains lyrical themes with specific examples,Analysis,
Metro points to streaming data and critic response,Analysis,
J Cole links award wins to the album's cultural impact,Analysis,
Future notes feature choices and collaboration patterns,Analysis,
Megan uses fan reception and reviews as evidence,Analysis,
SZA compares era peaks with concrete examples,Analysis,
Tyler shows why the claim goes beyond a simple opinion,Analysis,
Kendrick uses sales numbers and chart history to support the claim,Analysis,
Drake compares production choices across two albums,Analysis,
Uzi references interviews and rollout timing for context,Analysis,
Travis explains lyrical themes with specific examples,Analysis,
Metro points to streaming data and critic response,Analysis,
J Cole links award wins to the album's cultural impact,Analysis,
Future notes feature choices and collaboration patterns,Analysis,
Megan uses fan reception and reviews as evidence,Analysis,
SZA compares era peaks with concrete examples,Analysis,
Tyler shows why the claim goes beyond a simple opinion,Analysis,
Kendrick uses sales numbers and chart history to support the claim,Analysis,
Drake compares production choices across two albums,Analysis,
Uzi references interviews and rollout timing for context,Analysis,
Travis explains lyrical themes with specific examples,Analysis,
Metro points to streaming data and critic response,Analysis,
J Cole links award wins to the album's cultural impact,Analysis,
Future notes feature choices and collaboration patterns,Analysis,
Megan uses fan reception and reviews as evidence,Analysis,
SZA compares era peaks with concrete examples,Analysis,
Tyler shows why the claim goes beyond a simple opinion,Analysis,
Section 80 might be Kendrick's worst album,Hot Take,
Drake has not made a classic in years,Hot Take,
Uzi is way too inconsistent for all the hype,Hot Take,
This era peaked already and nothing now feels close,Hot Take,
That album is being overrated because people want a hot take,Hot Take,
Cole is not on the level people keep saying,Hot Take,
Carti is better in theory than in the actual catalog,Hot Take,
Durk gets defended too much for a weak stretch,Hot Take,
Migos has one good run but the rest is mid,Hot Take,
SZA is not as influential as the conversation suggests,Hot Take,
Kendrick is overrated and the fanbase is giving too much credit,Hot Take,
Drake does not have a classic and never really did,Hot Take,
Uzi is way less consistent than people admit,Hot Take,
Travis has fallen off compared with the older run,Hot Take,
Future is being praised more than the music deserves,Hot Take,
Cole is not on the level people keep saying,Hot Take,
Carti is better in theory than in the actual catalog,Hot Take,
Durk gets defended too much for a weak stretch,Hot Take,
Migos has one good run but the rest is mid,Hot Take,
SZA is not as influential as the conversation suggests,Hot Take,
Kendrick is overrated and the fanbase is giving too much credit,Hot Take,
Drake does not have a classic and never really did,Hot Take,
Uzi is way less consistent than people admit,Hot Take,
Travis has fallen off compared with the older run,Hot Take,
Future is being praised more than the music deserves,Hot Take,
Cole is not on the level people keep saying,Hot Take,
Carti is better in theory than in the actual catalog,Hot Take,
Durk gets defended too much for a weak stretch,Hot Take,
Migos has one good run but the rest is mid,Hot Take,
SZA is not as influential as the conversation suggests,Hot Take,
Kendrick is overrated and the fanbase is giving too much credit,Hot Take,
Drake does not have a classic and never really did,Hot Take,
Uzi is way less consistent than people admit,Hot Take,
Travis has fallen off compared with the older run,Hot Take,
Future is being praised more than the music deserves,Hot Take,
Cole is not on the level people keep saying,Hot Take,
Carti is better in theory than in the actual catalog,Hot Take,
Durk gets defended too much for a weak stretch,Hot Take,
Migos has one good run but the rest is mid,Hot Take,
SZA is not as influential as the conversation suggests,Hot Take,
Kendrick is overrated and the fanbase is giving too much credit,Hot Take,
Drake does not have a classic and never really did,Hot Take,
Uzi is way less consistent than people admit,Hot Take,
Travis has fallen off compared with the older run,Hot Take,
Future is being praised more than the music deserves,Hot Take,
Cole is not on the level people keep saying,Hot Take,
Carti is better in theory than in the actual catalog,Hot Take,
Durk gets defended too much for a weak stretch,Hot Take,
Migos has one good run but the rest is mid,Hot Take,
SZA is not as influential as the conversation suggests,Hot Take,
This jawn is fire and the beat switch was insane,Reaction,
That performance gave me chills the whole way through,Reaction,
The crowd reaction was wild and the energy was perfect,Reaction,
That verse hit way harder than I expected,Reaction,
I did not expect that surprise feature and I loved it,Reaction,
That moment was fire and the bass drop was ridiculous,Reaction,
That moment was fire and the hook had me nodding the whole time,Reaction,
That moment was fire and the outro hit like a gut punch,Reaction,
That moment was fire and the live performance was electric,Reaction,
That moment was fire and the sample flip was beautiful,Reaction,
That moment was fire and the beat switch was insane,Reaction,
That moment was fire and the crowd went crazy,Reaction,
That moment was fire and the hook was instantly catchy,Reaction,
That moment was fire and the verse came in super hard,Reaction,
That moment was fire and the video visual was perfect,Reaction,
That moment was fire and the bass drop was ridiculous,Reaction,
That moment was fire and the hook had me nodding the whole time,Reaction,
That moment was fire and the outro hit like a gut punch,Reaction,
That moment was fire and the live performance was electric,Reaction,
That moment was fire and the sample flip was beautiful,Reaction,
That moment was fire and the beat switch was insane,Reaction,
That moment was fire and the crowd went crazy,Reaction,
That moment was fire and the hook was instantly catchy,Reaction,
That moment was fire and the verse came in super hard,Reaction,
That moment was fire and the video visual was perfect,Reaction,
That moment was fire and the bass drop was ridiculous,Reaction,
That moment was fire and the hook had me nodding the whole time,Reaction,
That moment was fire and the outro hit like a gut punch,Reaction,
That moment was fire and the live performance was electric,Reaction,
That moment was fire and the sample flip was beautiful,Reaction,
That moment was fire and the beat switch was insane,Reaction,
That moment was fire and the crowd went crazy,Reaction,
That moment was fire and the hook was instantly catchy,Reaction,
That moment was fire and the verse came in super hard,Reaction,
That moment was fire and the video visual was perfect,Reaction,
That moment was fire and the bass drop was ridiculous,Reaction,
That moment was fire and the hook had me nodding the whole time,Reaction,
That moment was fire and the outro hit like a gut punch,Reaction,
That moment was fire and the live performance was electric,Reaction,
That moment was fire and the sample flip was beautiful,Reaction,
That moment was fire and the beat switch was insane,Reaction,
That moment was fire and the crowd went crazy,Reaction,
That moment was fire and the hook was instantly catchy,Reaction,
That moment was fire and the verse came in super hard,Reaction,
That moment was fire and the video visual was perfect,Reaction,
That moment was fire and the bass drop was ridiculous,Reaction,
That moment was fire and the hook had me nodding the whole time,Reaction,
That moment was fire and the outro hit like a gut punch,Reaction,
That moment was fire and the live performance was electric,Reaction,
That moment was fire and the sample flip was beautiful,Reaction,
FRESH ALBUM Retch FINESSE THE WORLD 2,Recommendation,
If you like Freddie Gibbs you should check out Boldy James,Recommendation,
If you enjoy Smino try JID and Mick Jenkins next,Recommendation,
For grimy production you should listen to Rome Streetz,Recommendation,
If you want soulful hooks go listen to Jorja Smith,Recommendation,
Try Mick Jenkins for another project with strong replay value,Recommendation,
Try Jorja Smith if you want more melodic rapping,Recommendation,
Try Benny for the same kind of laid back delivery,Recommendation,
Try Conway if you want a colder and darker sound,Recommendation,
Try Larry June for more music in that lane,Recommendation,
Try Retch for a similar underground feel,Recommendation,
Try Boldy James if you want more soulful hooks,Recommendation,
Try Rome Streetz for grimy production and heavy bars,Recommendation,
Try Smino if you want a smoother west coast vibe,Recommendation,
Try JID if you liked the last album's energy,Recommendation,
Try Mick Jenkins for another project with strong replay value,Recommendation,
Try Jorja Smith if you want more melodic rapping,Recommendation,
Try Benny for the same kind of laid back delivery,Recommendation,
Try Conway if you want a colder and darker sound,Recommendation,
Try Larry June for more music in that lane,Recommendation,
Try Retch for a similar underground feel,Recommendation,
Try Boldy James if you want more soulful hooks,Recommendation,
Try Rome Streetz for grimy production and heavy bars,Recommendation,
Try Smino if you want a smoother west coast vibe,Recommendation,
Try JID if you liked the last album's energy,Recommendation,
Try Mick Jenkins for another project with strong replay value,Recommendation,
Try Jorja Smith if you want more melodic rapping,Recommendation,
Try Benny for the same kind of laid back delivery,Recommendation,
Try Conway if you want a colder and darker sound,Recommendation,
Try Larry June for more music in that lane,Recommendation,
Try Retch for a similar underground feel,Recommendation,
Try Boldy James if you want more soulful hooks,Recommendation,
Try Rome Streetz for grimy production and heavy bars,Recommendation,
Try Smino if you want a smoother west coast vibe,Recommendation,
Try JID if you liked the last album's energy,Recommendation,
Try Mick Jenkins for another project with strong replay value,Recommendation,
Try Jorja Smith if you want more melodic rapping,Recommendation,
Try Benny for the same kind of laid back delivery,Recommendation,
Try Conway if you want a colder and darker sound,Recommendation,
Try Larry June for more music in that lane,Recommendation,
Try Retch for a similar underground feel,Recommendation,
Try Boldy James if you want more soulful hooks,Recommendation,
Try Rome Streetz for grimy production and heavy bars,Recommendation,
Try Smino if you want a smoother west coast vibe,Recommendation,
Try JID if you liked the last album's energy,Recommendation,
Try Mick Jenkins for another project with strong replay value,Recommendation,
Try Jorja Smith if you want more melodic rapping,Recommendation,
Try Benny for the same kind of laid back delivery,Recommendation,
Try Conway if you want a colder and darker sound,Recommendation,
Try Larry June for more music in that lane,Recommendation,
